-- MySQL dump 10.13  Distrib 8.0.40, for Win64 (x86_64)
--
-- Host: localhost    Database: test_db
-- ------------------------------------------------------
-- Server version	8.0.40

/*!40101 SET @OLD_CHARACTER_SET_CLIENT=@@CHARACTER_SET_CLIENT */;
/*!40101 SET @OLD_CHARACTER_SET_RESULTS=@@CHARACTER_SET_RESULTS */;
/*!40101 SET @OLD_COLLATION_CONNECTION=@@COLLATION_CONNECTION */;
/*!50503 SET NAMES utf8mb4 */;
/*!40103 SET @OLD_TIME_ZONE=@@TIME_ZONE */;
/*!40103 SET TIME_ZONE='+00:00' */;
/*!40014 SET @OLD_UNIQUE_CHECKS=@@UNIQUE_CHECKS, UNIQUE_CHECKS=0 */;
/*!40014 SET @OLD_FOREIGN_KEY_CHECKS=@@FOREIGN_KEY_CHECKS, FOREIGN_KEY_CHECKS=0 */;
/*!40101 SET @OLD_SQL_MODE=@@SQL_MODE, SQL_MODE='NO_AUTO_VALUE_ON_ZERO' */;
/*!40111 SET @OLD_SQL_NOTES=@@SQL_NOTES, SQL_NOTES=0 */;

--
-- Table structure for table `addresses`
--

DROP TABLE IF EXISTS `addresses`;
/*!40101 SET @saved_cs_client     = @@character_set_client */;
/*!50503 SET character_set_client = utf8mb4 */;
CREATE TABLE `addresses` (
  `address_id` int NOT NULL AUTO_INCREMENT,
  `student_id` int DEFAULT NULL,
  `address_line1` varchar(255) DEFAULT NULL,
  `address_line2` varchar(255) DEFAULT NULL,
  `city` varchar(100) DEFAULT NULL,
  `state` varchar(50) DEFAULT NULL,
  `postal_code` varchar(20) DEFAULT NULL,
  PRIMARY KEY (`address_id`),
  KEY `student_id` (`student_id`),
  CONSTRAINT `addresses_ibfk_1` FOREIGN KEY (`student_id`) REFERENCES `students` (`student_id`) ON DELETE CASCADE
) ENGINE=InnoDB AUTO_INCREMENT=11 DEFAULT CHARSET=utf8mb4 COLLATE=utf8mb4_0900_ai_ci;
/*!40101 SET character_set_client = @saved_cs_client */;

--
-- Dumping data for table `addresses`
--

LOCK TABLES `addresses` WRITE;
/*!40000 ALTER TABLE `addresses` DISABLE KEYS */;
INSERT INTO `addresses` VALUES (1,2,'123 Main St','Apt 4B','New York','NY','10001'),(2,3,'456 Oak Rd',NULL,'Los Angeles','CA','90001'),(3,6,'1234 Maple St','Apt 5','Boston','MA','02115'),(5,4,'4321 Pine Rd','Suite 3A','Chicago','IL','60607'),(9,5,'7890 Elm St',NULL,'Dallas','TX','75001');
/*!40000 ALTER TABLE `addresses` ENABLE KEYS */;
UNLOCK TABLES;

--
-- Table structure for table `courses`
--

DROP TABLE IF EXISTS `courses`;
/*!40101 SET @saved_cs_client     = @@character_set_client */;
/*!50503 SET character_set_client = utf8mb4 */;
CREATE TABLE `courses` (
  `course_id` int NOT NULL AUTO_INCREMENT,
  `course_name` varchar(100) NOT NULL,
  `instructor` varchar(100) NOT NULL,
  PRIMARY KEY (`course_id`)
) ENGINE=InnoDB AUTO_INCREMENT=10 DEFAULT CHARSET=utf8mb4 COLLATE=utf8mb4_0900_ai_ci;
/*!40101 SET character_set_client = @saved_cs_client */;

--
-- Dumping data for table `courses`
--

LOCK TABLES `courses` WRITE;
/*!40000 ALTER TABLE `courses` DISABLE KEYS */;
INSERT INTO `courses` VALUES (1,'Database Systems','Dr. Smith'),(2,'Algorithms','Dr. Johnson'),(3,'Linear Algebra','Dr. Brown'),(4,'Intro to Computer Science','Dr. John Smith'),(5,'Calculus I','Prof. Alice Johnson'),(6,'Physics I','Dr. Bob Brown'),(7,'Mechanical Design','Prof. Sarah Lee'),(8,'Circuit Analysis','Dr. Michael Green'),(9,'Digital Systems','Prof. Emily White');
/*!40000 ALTER TABLE `courses` ENABLE KEYS */;
UNLOCK TABLES;

--
-- Table structure for table `grades`
--

DROP TABLE IF EXISTS `grades`;
/*!40101 SET @saved_cs_client     = @@character_set_client */;
/*!50503 SET character_set_client = utf8mb4 */;
CREATE TABLE `grades` (
  `grade_id` int NOT NULL AUTO_INCREMENT,
  `student_id` int NOT NULL,
  `course_id` int NOT NULL,
  `grade` decimal(5,2) NOT NULL,
  PRIMARY KEY (`grade_id`),
  KEY `course_id` (`course_id`),
  KEY `fk_student_id` (`student_id`),
  CONSTRAINT `fk_student_id` FOREIGN KEY (`student_id`) REFERENCES `students` (`student_id`) ON DELETE CASCADE,
  CONSTRAINT `grades_ibfk_1` FOREIGN KEY (`student_id`) REFERENCES `students` (`student_id`) ON DELETE CASCADE,
  CONSTRAINT `grades_ibfk_2` FOREIGN KEY (`course_id`) REFERENCES `courses` (`course_id`)
) ENGINE=InnoDB AUTO_INCREMENT=24 DEFAULT CHARSET=utf8mb4 COLLATE=utf8mb4_0900_ai_ci;
/*!40101 SET character_set_client = @saved_cs_client */;

--
-- Dumping data for table `grades`
--

LOCK TABLES `grades` WRITE;
/*!40000 ALTER TABLE `grades` DISABLE KEYS */;
INSERT INTO `grades` VALUES (3,2,1,78.00),(4,3,3,88.50),(5,5,1,85.00),(6,5,2,90.00),(13,2,3,88.00),(14,2,4,92.00),(15,3,5,87.00),(16,3,6,93.00),(17,6,5,87.00),(18,6,6,93.00),(19,4,1,85.00),(20,4,2,90.00),(21,4,3,88.00),(22,6,1,87.00),(23,6,2,93.00);
/*!40000 ALTER TABLE `grades` ENABLE KEYS */;
UNLOCK TABLES;

--
-- Table structure for table `scores`
--

DROP TABLE IF EXISTS `scores`;
/*!40101 SET @saved_cs_client     = @@character_set_client */;
/*!50503 SET character_set_client = utf8mb4 */;
CREATE TABLE `scores` (
  `score_id` int NOT NULL AUTO_INCREMENT,
  `student_id` int NOT NULL,
  `score` decimal(5,2) NOT NULL,
  `grade_id` int DEFAULT NULL,
  PRIMARY KEY (`score_id`),
  KEY `idx_student_id` (`student_id`),
  KEY `idx_student_score` (`student_id`,`score`),
  KEY `fk_grade_id` (`grade_id`),
  CONSTRAINT `fk_grade_id` FOREIGN KEY (`grade_id`) REFERENCES `grades` (`grade_id`) ON DELETE CASCADE,
  CONSTRAINT `scores_ibfk_1` FOREIGN KEY (`student_id`) REFERENCES `students` (`student_id`) ON DELETE CASCADE
) ENGINE=InnoDB AUTO_INCREMENT=13 DEFAULT CHARSET=utf8mb4 COLLATE=utf8mb4_0900_ai_ci;
/*!40101 SET character_set_client = @saved_cs_client */;

--
-- Dumping data for table `scores`
--

LOCK TABLES `scores` WRITE;
/*!40000 ALTER TABLE `scores` DISABLE KEYS */;
INSERT INTO `scores` VALUES (3,3,88.50,4),(5,2,80.50,3),(7,5,85.00,5),(8,5,90.00,6),(9,4,85.00,19),(10,4,90.00,20),(11,6,87.00,17),(12,6,93.00,23);
/*!40000 ALTER TABLE `scores` ENABLE KEYS */;
UNLOCK TABLES;

--
-- Table structure for table `students`
--

DROP TABLE IF EXISTS `students`;
/*!40101 SET @saved_cs_client     = @@character_set_client */;
/*!50503 SET character_set_client = utf8mb4 */;
CREATE TABLE `students` (
  `student_id` int NOT NULL AUTO_INCREMENT,
  `name` varchar(100) NOT NULL,
  `program` varchar(50) NOT NULL,
  `gpa` decimal(5,2) DEFAULT NULL,
  `encrypted_email` varbinary(255) DEFAULT NULL,
  `email` varchar(255) DEFAULT NULL,
  `address_id` int DEFAULT NULL,
  PRIMARY KEY (`student_id`),
  KEY `fk_address_id` (`address_id`),
  CONSTRAINT `fk_address_id` FOREIGN KEY (`address_id`) REFERENCES `addresses` (`address_id`) ON DELETE CASCADE
) ENGINE=InnoDB AUTO_INCREMENT=7 DEFAULT CHARSET=utf8mb4 COLLATE=utf8mb4_0900_ai_ci;
/*!40101 SET character_set_client = @saved_cs_client */;

--
-- Dumping data for table `students`
--

LOCK TABLES `students` WRITE;
/*!40000 ALTER TABLE `students` DISABLE KEYS */;
INSERT INTO `students` VALUES (2,'Bob Smith','Mathematics',3.42,_binary '9\Å\ä7,z-\Ú2c\ó\Î\óx','bob@example.com',NULL),(3,'Charlie Brown','Physics',3.75,_binary 'eœ-X\nZ\í ‡.4T\Ö\×\Ë\Ø\à%\Û/>@£Àý›Q\Ò','charlie@example.com',NULL),(4,'John Doe','Computer Science',3.75,NULL,'johndoe@example.com',NULL),(5,'Jane Smith','Mechanical Engineering',3.85,NULL,'janesmith@example.com',NULL),(6,'Emma Brown','Electrical Engineering',3.90,NULL,'emmabrown@example.com',NULL);
/*!40000 ALTER TABLE `students` ENABLE KEYS */;
UNLOCK TABLES;
/*!50003 SET @saved_cs_client      = @@character_set_client */ ;
/*!50003 SET @saved_cs_results     = @@character_set_results */ ;
/*!50003 SET @saved_col_connection = @@collation_connection */ ;
/*!50003 SET character_set_client  = utf8mb4 */ ;
/*!50003 SET character_set_results = utf8mb4 */ ;
/*!50003 SET collation_connection  = utf8mb4_0900_ai_ci */ ;
/*!50003 SET @saved_sql_mode       = @@sql_mode */ ;
/*!50003 SET sql_mode              = 'ONLY_FULL_GROUP_BY,STRICT_TRANS_TABLES,NO_ZERO_IN_DATE,NO_ZERO_DATE,ERROR_FOR_DIVISION_BY_ZERO,NO_ENGINE_SUBSTITUTION' */ ;
DELIMITER ;;
/*!50003 CREATE*/ /*!50017 DEFINER=`root`@`localhost`*/ /*!50003 TRIGGER `before_student_delete` BEFORE DELETE ON `students` FOR EACH ROW BEGIN
  -- Log GPA before deletion
  INSERT INTO students_gpa_log (student_id, gpa, log_date)
  VALUES (OLD.student_id, OLD.gpa, SYSDATE());
END */;;
DELIMITER ;
/*!50003 SET sql_mode              = @saved_sql_mode */ ;
/*!50003 SET character_set_client  = @saved_cs_client */ ;
/*!50003 SET character_set_results = @saved_cs_results */ ;
/*!50003 SET collation_connection  = @saved_col_connection */ ;

--
-- Table structure for table `students_gpa_log`
--

DROP TABLE IF EXISTS `students_gpa_log`;
/*!40101 SET @saved_cs_client     = @@character_set_client */;
/*!50503 SET character_set_client = utf8mb4 */;
CREATE TABLE `students_gpa_log` (
  `student_id` int DEFAULT NULL,
  `gpa` decimal(5,2) DEFAULT NULL,
  `deleted_at` timestamp NULL DEFAULT CURRENT_TIMESTAMP
) ENGINE=InnoDB DEFAULT CHARSET=utf8mb4 COLLATE=utf8mb4_0900_ai_ci;
/*!40101 SET character_set_client = @saved_cs_client */;

--
-- Dumping data for table `students_gpa_log`
--

LOCK TABLES `students_gpa_log` WRITE;
/*!40000 ALTER TABLE `students_gpa_log` DISABLE KEYS */;
INSERT INTO `students_gpa_log` VALUES (1,85.50,'2024-12-09 02:01:11');
/*!40000 ALTER TABLE `students_gpa_log` ENABLE KEYS */;
UNLOCK TABLES;
/*!40103 SET TIME_ZONE=@OLD_TIME_ZONE */;

/*!40101 SET SQL_MODE=@OLD_SQL_MODE */;
/*!40014 SET FOREIGN_KEY_CHECKS=@OLD_FOREIGN_KEY_CHECKS */;
/*!40014 SET UNIQUE_CHECKS=@OLD_UNIQUE_CHECKS */;
/*!40101 SET CHARACTER_SET_CLIENT=@OLD_CHARACTER_SET_CLIENT */;
/*!40101 SET CHARACTER_SET_RESULTS=@OLD_CHARACTER_SET_RESULTS */;
/*!40101 SET COLLATION_CONNECTION=@OLD_COLLATION_CONNECTION */;
/*!40111 SET SQL_NOTES=@OLD_SQL_NOTES */;

-- Dump completed on 2024-12-08 19:56:38
